{
    "$schema": "https://schema.management.azure.com/schemas/2018-05-01/subscriptionDeploymentTemplate.json#",
    "contentVersion": "1.0.0.0",
    "parameters": {
        "CustomVnet": {
            "type": "bool",
            "metadata": {
                "description": "Determines whether the Image Builder VM will be deployed to custom Virtual Network or use the default Virtual Network."
            }
        },
        "ImageDefinitionName": {
            "type": "string",
            "metadata": {
                "description": "The name of the Image Definition for the Shared Image Gallery."
            },
            "defaultValue": "Win10-20h2-Teams"
        },
        "ImageDefinitionOffer": {
            "type": "string",
            "metadata": {
                "description": "The offer of the Image Definition for the Shared Image Gallery."
            },
            "defaultValue": "windows-10"
        },
        "ImageDefinitionPublisher": {
            "type": "string",
            "metadata": {
                "description": "The publisher of the Image Definition for the Shared Image Gallery."
            },
            "defaultValue": "microsoftwindowsdesktop"
        },
        "ImageDefinitionSku": {
            "type": "string",
            "metadata": {
                "description": "The SKU of the Image Definition for the Shared Image Gallery."
            },
            "defaultValue": "20h2-evd"
        },
        "ImageDefinitionVersion": {
            "type": "string",
            "metadata": {
                "description": "The version of the Image Definition in the Shared Image Gallery."
            },
            "defaultValue": "latest"
        },
        "ImageStorageAccountType": {
            "type": "string",
            "metadata": {
                "description": "The storage SKU for the image version replica in the Shared Image Gallery."
            },
            "allowedValues": [
                "Standard_LRS",
                "Standard_ZRS"
            ],
            "defaultValue": "Standard_LRS"
        },
        "Location": {
            "type": "string",
            "defaultValue": "[deployment().location]",
            "allowedValues": [
                "australiaeast",
                "australiasoutheast",
                "eastus",
                "eastus2",
                "northeurope",
                "southcentralus",
                "southeastasia",
                "uksouth",
                "ukwest",
                "westcentralus",
                "westeurope",
                "westus",
                "westus2"
            ]
        },
        "SubnetName": {
            "type": "string",
            "metadata": {
                "description": "OPTIONAL, The resource ID of the target Azure Subnet."
            },
            "defaultValue": ""
        },
        "Timestamp": {
            "type": "string",
            "defaultValue": "[utcNow('yyyyMMddhhmmss')]"
        },
        "VirtualMachineSize": {
            "type": "string",
            "metadata": {
                "description": "The size of the virtual machine used for creating the image.  The recommendation is to use a 'Standard_D2_v2' size or greater for AVD. https://github.com/danielsollondon/azvmimagebuilder/tree/master/solutions/14_Building_Images_WVD"
            },
            "defaultValue": "Standard_D2_v2"
        },
        "VirtualNetworkName": {
            "type": "string",
            "metadata": {
                "description": "The name for the custom virtual network."
            },
            "defaultValue": ""
        },
        "VirtualNetworkResourceGroupName": {
            "type": "string",
            "metadata": {
                "description": "The resource group name for the custom virtual network."
            },
            "defaultValue": ""
        }
    },
    "variables": {
        "LocationCodes": {
            "australiacentral": "ac",
            "australiacentral2": "ac2",
            "australiaeast": "ae",
            "australiasoutheast": "as",
            "brazilsouth": "bs2",
            "brazilsoutheast": "bs",
            "canadacentral": "cc",
            "canadaeast": "ce",
            "centralindia": "ci",
            "centralus": "cu",
            "chinaeast": "ce",
            "chinaeast2": "ce2",
            "chinanorth": "cn",
            "chinanorth2": "cn2",
            "eastasia": "ea",
            "eastus": "eu",
            "eastus2": "eu2",
            "francecentral": "fc",
            "francesouth": "fs",
            "germanynorth": "gn",
            "germanywestcentral": "gwc",
            "japaneast": "je",
            "japanwest": "jw",
            "jioindiawest": "jiw",
            "koreacentral": "kc",
            "koreasouth": "ks",
            "northcentralus": "ncu",
            "northeurope": "ne2",
            "norwayeast": "ne",
            "norwaywest": "nw",
            "southafricanorth": "san",
            "southafricawest": "saw",
            "southcentralus": "scu",
            "southindia": "si",
            "southeastasia": "sa",
            "switzerlandnorth": "sn",
            "switzerlandwest": "sw",
            "uaecentral": "uc",
            "uaenorth": "un",
            "uksouth": "us",
            "ukwest": "uw",
            "usdodcentral": "uc",
            "usdodeast": "ue",
            "usgovarizona": "ua",
            "usgoviowa": "ui",
            "usgovtexas": "ut",
            "usgovvirginia": "uv",
            "westcentralus": "wcu",
            "westeurope": "we",
            "westindia": "wi",
            "westus": "wu",
            "westus2": "wu2",
            "westus3": "wu3"
        },
        "RoleImageContributor": "[guid(subscription().id, 'ImageContributor')]",
        "RoleVirtualNetworkJoin": "[guid(subscription().id, 'VnetJoin')]",
        "LocationShort": "[variables('LocationCodes')[parameters('Location')]]",
        "ImagingResourceGroupName": "[concat('rg-imaging-d-', parameters('Location'))]"
    },
    "resources": [
        {
            "comments": "---------- RESOURCE GROUP > IMAGING ----------",
            "name": "[variables('ImagingResourceGroupName')]",
            "type": "Microsoft.Resources/resourceGroups",
            "apiVersion": "2019-10-01",
            "location": "[parameters('Location')]",
            "properties": {}
        },
        {
            "comments": "---------- ROLE DEFINITION > IMAGE CONTRIBUTOR ----------",
            "type": "Microsoft.Authorization/roleDefinitions",
            "name": "[variables('RoleImageContributor')]",
            "apiVersion": "2017-09-01",
            "properties": {
                "roleName": "Image Contributor",
                "description": "Allow the creation and management of images",
                "permissions": [
                    {
                        "actions": [
                            "Microsoft.Compute/galleries/read",
                            "Microsoft.Compute/galleries/images/read",
                            "Microsoft.Compute/galleries/images/versions/read",
                            "Microsoft.Compute/galleries/images/versions/write",
                            "Microsoft.Compute/images/read",
                            "Microsoft.Compute/images/write",
                            "Microsoft.Compute/images/delete"
                        ],
                        "notActions": []
                    }
                ],
                "assignableScopes": [
                    "[subscription().id]"
                ]
            }
        },
        {
            "comments": "---------- ROLE DEFINITION > VNET JOIN ----------",
            "condition": "[parameters('CustomVnet')]",
            "type": "Microsoft.Authorization/roleDefinitions",
            "name": "[variables('RoleVirtualNetworkJoin')]",
            "apiVersion": "2017-09-01",
            "properties": {
                "roleName": "VNET Join",
                "description": "Allow resources to join a subnet",
                "permissions": [
                    {
                        "actions": [
                            "Microsoft.Network/virtualNetworks/read",
                            "Microsoft.Network/virtualNetworks/subnets/read",
                            "Microsoft.Network/virtualNetworks/subnets/join/action"
                        ],
                        "notActions": []
                    }
                ],
                "assignableScopes": [
                    "[subscription().id]"
                ]
            }
        },
        {
            "comments": "---------- LINKED DEPLOYMENT > IMAGE BUILDER ----------",
            "type": "Microsoft.Resources/deployments",
            "name": "[concat('imageBuilder_', parameters('Timestamp'))]",
            "apiVersion": "2019-10-01",
            "tags": {},
            "dependsOn": [
                "[variables('ImagingResourceGroupName')]",
                "[variables('RoleImageContributor')]",
                "[variables('RoleVirtualNetworkJoin')]"
            ],
            "resourceGroup": "[variables('ImagingResourceGroupName')]",
            "properties": {
                "expressionEvaluationOptions": {
                    "scope": "inner"
                },
                "mode": "Incremental",
                "parameters": {
                    "CustomVnet": {
                        "value": "[parameters('CustomVnet')]"
                    },
                    "ImageDefinitionName": {
                        "value": "[parameters('ImageDefinitionName')]"
                    },
                    "ImageDefinitionOffer": {
                        "value": "[parameters('ImageDefinitionOffer')]"
                    },
                    "ImageDefinitionPublisher": {
                        "value": "[parameters('ImageDefinitionPublisher')]"
                    },
                    "ImageDefinitionSku": {
                        "value": "[parameters('ImageDefinitionSku')]"
                    },
                    "ImageDefinitionVersion": {
                        "value": "[parameters('ImageDefinitionVersion')]"
                    },
                    "ImageStorageAccountType": {
                        "value": "[parameters('ImageStorageAccountType')]"
                    },
                    "Location": {
                        "value": "[parameters('Location')]"
                    },
                    "LocationShort": {
                        "value": "[variables('LocationShort')]"
                    },
                    "RoleImageContributor": {
                        "value": "[variables('RoleImageContributor')]"
                    },
                    "RoleVirtualNetworkJoin": {
                        "value": "[variables('RoleVirtualNetworkJoin')]"
                    },
                    "SubnetName": {
                        "value": "[parameters('SubnetName')]"
                    },
                    "Timestamp": {
                        "value": "[parameters('Timestamp')]"
                    },
                    "VirtualMachineSize": {
                        "value": "[parameters('VirtualMachineSize')]"
                    },
                    "VirtualNetworkName": {
                        "value": "[parameters('VirtualNetworkName')]"
                    },
                    "VirtualNetworkResourceGroupName": {
                        "value": "[parameters('VirtualNetworkResourceGroupName')]"
                    }
                },
                "templateLink": {
                    "uri": "https://raw.githubusercontent.com/jamasten/Azure/master/solutions/imageBuilder/templates/imageBuilder.json"
                }
            }
        }
    ],
    "outputs": {}
}