{
    "$schema": "https://schema.management.azure.com/schemas/2019-04-01/deploymentTemplate.json#",
    "contentVersion": "1.0.0.0",
    "parameters": {
        "CustomVnet": {
            "type": "bool"
        },
        "ImageDefinitionName": {
            "type": "string"
        },
        "ImageDefinitionOffer": {
            "type": "string"
        },
        "ImageDefinitionPublisher": {
            "type": "string"
        },
        "ImageDefinitionSku": {
            "type": "string"
        },
        "ImageDefinitionVersion": {
            "type": "string"
        },
        "ImageStorageAccountType": {
            "type": "string"
        },
        "Location": {
            "type": "string"
        },
        "LocationShort": {
            "type": "string"
        },
        "RoleImageContributor": {
            "type": "string"
        },
        "RoleVirtualNetworkJoin": {
            "type": "string"
        },
        "SubnetName": {
            "type": "string"
        },
        "Timestamp": {
            "type": "string"
        },
        "VirtualMachineSize": {
            "type": "string"
        },
        "VirtualNetworkName": {
            "type": "string"
        },
        "VirtualNetworkResourceGroupName": {
            "type": "string"
        }
    },
    "variables": {
        "IdentityName": "[concat('uami-imageBuilder-d-', parameters('LocationShort'))]",
        "RgId": "[resourceGroup().id]",
        "SharedImageGalleryName": "[concat('sig_d_', parameters('LocationShort'))]",
        "VmProfileWithoutVnet": {
            "vmSize": "[parameters('VirtualMachineSize')]"
        },
        "VmProfileWithVnet": {
            "vmSize": "[parameters('VirtualMachineSize')]",
            "vnetConfig": {
                "subnetId": "[resourceId(subscription().subscriptionId, parameters('VirtualNetworkResourceGroupName'), 'Microsoft.Network/virtualNetworks/subnets', parameters('VirtualNetworkName'), parameters('SubnetName'))]"
            }
        },
        "VmProfile": "[if(equals(parameters('SubnetName'), ''), variables('VmProfileWithoutVnet'), variables('VmProfileWithVnet'))]"
    },
    "resources": [
        {
            "comments": "---------- USER ASSIGNED MANAGED IDENTITY ----------",
            "type": "Microsoft.ManagedIdentity/userAssignedIdentities",
            "name": "[variables('IdentityName')]",
            "apiVersion": "2018-11-30",
            "location": "[parameters('Location')]",
            "dependsOn": []
        },
        {
            "comments": "---------- ROLE ASSIGNMENT > IMAGE CONTRIBUTOR ----------",
            "type": "Microsoft.Authorization/roleAssignments",
            "apiVersion": "2018-09-01-preview",
            "name": "483faf2b-68d9-4b31-a890-b6394e949092",
            "dependsOn": [
                "[variables('IdentityName')]"
            ],
            "properties": {
                "roleDefinitionId": "[resourceId('Microsoft.Authorization/roleDefinitions', parameters('RoleImageContributor'))]",
                "principalId": "[reference(concat(variables('RgId'), '/providers/Microsoft.ManagedIdentity/userAssignedIdentities/', variables('IdentityName')), '2018-11-30', 'Full').properties.principalId]",
                "principalType": "ServicePrincipal"
            }
        },
        {
            "comments": "---------- LINKED DEPLOYMENT > NETWORK ----------",
            "condition": "[parameters('CustomVnet')]",
            "type": "Microsoft.Resources/deployments",
            "name": "[concat('Network_', parameters('Timestamp'))]",
            "apiVersion": "2019-10-01",
            "tags": {},
            "dependsOn": [
                "[variables('IdentityName')]",
                "483faf2b-68d9-4b31-a890-b6394e949092"
            ],
            "resourceGroup": "[parameters('VirtualNetworkResourceGroupName')]",
            "properties": {
                "expressionEvaluationOptions": {
                    "scope": "inner"
                },
                "mode": "Incremental",
                "parameters": {
                    "IdentityName": {
                        "value": "[variables('IdentityName')]"
                    },
                    "ImagingResourceGroupName": {
                        "value": "[resourceGroup().name]"
                    },
                    "Role": {
                        "value": "[parameters('RoleVirtualNetworkJoin')]"
                    }
                },
                "templateLink": {
                    "uri": "https://raw.githubusercontent.com/jamasten/Azure/master/solutions/imageBuilder/templates/network.json"
                }
            }
        },
        {
            "comments": "---------- SHARED IMAGE GALLERY ----------",
            "name": "[variables('SharedImageGalleryName')]",
            "type": "Microsoft.Compute/galleries",
            "apiVersion": "2019-03-01",
            "location": "[parameters('Location')]",
            "dependsOn": [
                "[concat('Network_', parameters('Timestamp'))]"
            ],
            "properties": {
                "description": "",
                "identifier": {}
            },
            "resources": [
                {
                    "comments": "---------- IMAGE DEFINITION ----------",
                    "name": "[parameters('ImageDefinitionName')]",
                    "type": "images",
                    "apiVersion": "2019-03-01",
                    "location": "[parameters('Location')]",
                    "dependsOn": [
                        "[variables('SharedImageGalleryName')]"
                    ],
                    "properties": {
                        "osType": "Windows",
                        "osState": "Generalized",
                        "identifier": {
                            "publisher": "[parameters('ImageDefinitionPublisher')]",
                            "offer": "[parameters('ImageDefinitionOffer')]",
                            "sku": "[parameters('ImageDefinitionSku')]"
                        }
                    }
                }
            ]
        },
        {
            "comments": "---------- IMAGE BUILDER TEMPLATE ----------",
            "type": "Microsoft.VirtualMachineImages/imageTemplates",
            "name": "[concat('imgt-', toLower(parameters('ImageDefinitionName')), '-d-', parameters('LocationShort'))]",
            "apiVersion": "2020-02-14",
            "location": "[parameters('Location')]",
            "dependsOn": [
                "[variables('SharedImageGalleryName')]",
                "[parameters('ImageDefinitionName')]"
            ],
            "identity": {
                "type": "UserAssigned",
                "userAssignedIdentities": {
                    "[resourceId('Microsoft.ManagedIdentity/userAssignedIdentities', variables('IdentityName'))]": {}
                }
            },
            "properties": {
                "buildTimeoutInMinutes": 300,
                "vmProfile": "[variables('VmProfile')]",
                "source": {
                    "type": "PlatformImage",
                    "publisher": "[parameters('ImageDefinitionPublisher')]",
                    "offer": "[parameters('ImageDefinitionOffer')]",
                    "sku": "[parameters('ImageDefinitionSku')]",
                    "version": "[parameters('ImageDefinitionVersion')]"
                },
                "customize": [
                    {
                        "type": "PowerShell",
                        "name": "Install Teams",
                        "runElevated": true,
                        "runAsSystem": true,
                        "scriptUri": "https://raw.githubusercontent.com/jamasten/Azure/master/solutions/imageBuilder/scripts/1_installTeams.ps1"
                    },
                    {
                        "type": "WindowsRestart",
                        "restartCheckCommand": "write-host 'restarting post Teams Install'",
                        "restartTimeout": "5m"
                    },
                    {
                        "type": "WindowsUpdate",
                        "searchCriteria": "IsInstalled=0",
                        "filters": [
                            "exclude:$_.Title -like '*Preview*'",
                            "include:$true"
                        ]
                    }
                ],
                "distribute": [
                    {
                        "type": "SharedImage",
                        "galleryImageId": "[concat(resourceGroup().id, '/providers/Microsoft.Compute/galleries/', variables('SharedImageGalleryName'),'/images/', parameters('ImageDefinitionName'))]",
                        "runOutputName": "[parameters('Timestamp')]",
                        "artifactTags": {},
                        "replicationRegions": [
                            "[parameters('Location')]"
                        ],
                        "storageAccountType": "[parameters('ImageStorageAccountType')]"
                    }
                ]
            }
        }
    ]
}