{
    "$schema": "https://schema.management.azure.com/schemas/2019-04-01/deploymentTemplate.json#",
    "contentVersion": "1.0.0.0",
    "parameters": {
        "IdentityName": {
            "type": "string"
        },
        "ImagingResourceGroupName": {
            "type": "string"
        },
        "Role": {
            "type": "string"
        }
    },
    "resources": [
        {
            "comments": "---------- ROLE ASSIGNMENT ----------",
            "type": "Microsoft.Authorization/roleAssignments",
            "apiVersion": "2018-09-01-preview",
            "name": "8f86a747-5ec8-48bc-86d0-d0915160e07d",
            "dependsOn": [],
            "properties": {
                "roleDefinitionId": "[resourceId('Microsoft.Authorization/roleDefinitions', parameters('Role'))]",
                "principalId": "[reference(concat(subscription().id, '/resourceGroups/', parameters('ImagingResourceGroupName'), '/providers/Microsoft.ManagedIdentity/userAssignedIdentities/', parameters('IdentityName')), '2018-11-30', 'Full').properties.principalId]",
                "principalType": "ServicePrincipal"
            }
        }
    ]
}