{
    "$schema": "https://schema.management.azure.com/schemas/2019-04-01/deploymentTemplate.json#",
    "contentVersion": "1.0.0.0",
    "parameters": {
        "Environment": {
            "type": "string",
            "defaultValue": "d"
        },
        "Location": {
            "type": "string",
            "defaultValue": "eastus"
        },
        "VmPassword": {
            "type": "securestring"
        },
        "VmUsername": {
            "type": "string"
        }
    },
    "variables": {},
    "resources": [
        {
            "apiVersion": "2015-06-15",
            "type": "Microsoft.Network/networkInterfaces",
            "name": "nic-test-d-eus-0",
            "location": "[parameters('Location')]",
            "properties": {
                "ipConfigurations": [
                    {
                        "name": "ipconfig1",
                        "properties": {
                            "privateIPAllocationMethod": "Dynamic",
                            "subnet": {
                                "id": "[resourceId(subscription().subscriptionId, concat('rg-network-', parameters('Environment'),'-', parameters('Location')), 'Microsoft.Network/virtualNetworks/subnets', concat('vnet-', parameters('Environment'), '-', parameters('Location')), concat('snet-clients-', parameters('Environment'), '-',parameters('Location')))]"
                            }
                        }
                    }
                ]
            }
        },
        {
            "apiVersion": "2016-04-30-preview",
            "type": "Microsoft.Compute/virtualMachines",
            "name": "vm-test-d-eus-0",
            "location": "[parameters('Location')]",
            "dependsOn": [
                "nic-test-d-eus-0"
            ],
            "properties": {
                "hardwareProfile": {
                    "vmSize": "Standard_B2s"
                },
                "osProfile": {
                    "computerName": "vm-test-d-eus-0",
                    "adminUsername": "[parameters('VmUsername')]",
                    "adminPassword": "[parameters('VmPassword')]"
                },
                "storageProfile": {
                    "imageReference": {
                        "publisher": "MicrosoftWindowsDesktop",
                        "offer": "office-365",
                        "sku": "20h1-evd-o365pp",
                        "version": "latest"
                    },
                    "osDisk": {
                        "createOption": "FromImage",
                        "vhd": {
                            "uri": "[concat(reference(resourceId(resourceGroup().name, 'Microsoft.Storage/storageAccounts', 'storjmdeastuss'), '2018-07-01').primaryEndpoints.blob, 'vhds/disk-test-d-eastus-0.vhd')]"
                        },
                        "name": "disk-test-d-eastus-0",
                        "osType": "Windows"
                    }
                },
                "networkProfile": {
                    "networkInterfaces": [
                        {
                            "id": "[resourceId('Microsoft.Network/networkInterfaces', 'nic-test-d-eus-0')]"
                        }
                    ]
                }
            },
            "resources": []
        }
    ]
}