{
    "type": "Microsoft.Authorization/policyDefinitions",
    "name": "RestrictSubnet_Deny",
    "apiVersion": "2019-06-01",
    "properties": {
        "policyType": "Custom",
        "mode": "All",
        "displayName": "RestrictSubnet_Deny",
        "description": "This policy restricts VM network interfaces to a subnet based on the resource group.",
        "policyRule": {
            "if": {
                "allOf": [
                    {
                        "field": "type",
                        "equals": "Microsoft.Network/networkInterfaces"
                    },
                    {
                        "field": "Microsoft.Network/networkInterfaces/ipconfigurations[*].subnet.id",
                        "notEquals": "[parameters('SubnetId')]"
                    }
                ]
            },
            "then": {
                "effect": "deny"
            }
        },
        "metadata": {
            "category": "Networking"
        },
        "parameters": {
            "SubnetId": {
                "type": "String",
                "metadata": {
                    "description": "Resource Id for Subnet",
                    "displayName": "Subnet Id"
                }
            }
        }
    }
}