{
    "type": "Microsoft.Authorization/policyDefinitions",
    "name": "NamingStandard_VirtualMachine_Deny",
    "apiVersion": "2019-06-01",
    "properties": {
        "policyType": "Custom",
        "mode": "All",
        "displayName": "NamingStandard_VirtualMachine_Deny",
        "description": "This policy governs the naming standard for virtual machines within the specified scope.  The naming scheme is 'vm + app + env + tier + location + ordinal'.  Each component of the naming scheme has a max allowed character length: vm = 2, app = 5, env = 1, tier = 3, location = 3, ordinal = 1.  This scheme exhausts the max allowed characters (15) for a virtual machine name.",
        "policyRule": {
            "if": {
                "allOf": [
                    {
                        "field": "name",
                        "notMatch": "[concat('vm', parameters('Application'), parameters('Environment'), parameters('Tier1'), parameters('Location1'), '1')]"
                    },
                    {
                        "field": "name",
                        "notMatch": "[concat('vm', parameters('Application'), parameters('Environment'), parameters('Tier1'), parameters('Location1'), '2')]"
                    },
                    {
                        "field": "name",
                        "notMatch": "[concat('vm', parameters('Application'), parameters('Environment'), parameters('Tier1'), parameters('Location2'), '1')]"
                    },
                    {
                        "field": "name",
                        "notMatch": "[concat('vm', parameters('Application'), parameters('Environment'), parameters('Tier1'), parameters('Location2'), '2')]"
                    },
                    {
                        "field": "name",
                        "notMatch": "[concat('vm', parameters('Application'), parameters('Environment'), parameters('Tier2'), parameters('Location1'), '1')]"
                    },
                    {
                        "field": "name",
                        "notMatch": "[concat('vm', parameters('Application'), parameters('Environment'), parameters('Tier2'), parameters('Location1'), '2')]"
                    },
                    {
                        "field": "name",
                        "notMatch": "[concat('vm', parameters('Application'), parameters('Environment'), parameters('Tier2'), parameters('Location2'), '1')]"
                    },
                    {
                        "field": "name",
                        "notMatch": "[concat('vm', parameters('Application'), parameters('Environment'), parameters('Tier2'), parameters('Location2'), '2')]"
                    },
                    {
                        "field": "name",
                        "notMatch": "[concat('vm', parameters('Application'), parameters('Environment'), parameters('Tier3'), parameters('Location1'), '1')]"
                    },
                    {
                        "field": "name",
                        "notMatch": "[concat('vm', parameters('Application'), parameters('Environment'), parameters('Tier3'), parameters('Location1'), '2')]"
                    },
                    {
                        "field": "name",
                        "notMatch": "[concat('vm', parameters('Application'), parameters('Environment'), parameters('Tier3'), parameters('Location2'), '1')]"
                    },
                    {
                        "field": "name",
                        "notMatch": "[concat('vm', parameters('Application'), parameters('Environment'), parameters('Tier3'), parameters('Location2'), '2')]"
                    },
                    {
                        "field": "type",
                        "equals": "Microsoft.Compute/virtualMachines"
                    }
                ]
            },
            "then": {
                "effect": "deny"
            }
        },
        "metadata": {
            "category": "Governance"
        },
        "parameters": {
            "Application": {
                "type": "String",
                "metadata": {
                    "description": "Use 1 - 5 characters for the application abbreviation",
                    "displayName": "Application Abbreviation"
                }
            },
            "Environment": {
                "type": "String",
                "metadata": {
                    "description": "Use 1 character for the environment abbreviation",
                    "displayName": "Environment Abbreviation"
                },
                "allowedValues": [ 
                    "d",
                    "t",
                    "p"
                ]
            },
            "Location1": {
                "type": "String",
                "metadata": {
                    "description": "Use 1 - 3 characters to abbreviate the Azure location (i.e. eus for East US or va for US Gov Virginia).",
                    "displayName": "Location 1 Abbreviation"
                }
            },
            "Location2": {
                "type": "String",
                "metadata": {
                    "description": "Use 1 - 3 characters to abbreviate the Azure location (i.e. eus for East US or va for US Gov Virginia).",
                    "displayName": "Location 2 Abbreviation"
                }
            },
            "Tier1": {
                "type": "String",
                "metadata": {
                    "description": "Use 1 - 3 characters to abbreviate the application tier.",
                    "displayName": "App Tier 1 Abbreviation"
                },
                "allowedValues": [ 
                    "web",
                    "bl",
                    "db"
                ]
            },
            "Tier2": {
                "type": "String",
                "metadata": {
                    "description": "Use 1 - 3 characters to abbreviate the application tier.",
                    "displayName": "App Tier 2 Abbreviation"
                },
                "allowedValues": [ 
                    "web",
                    "bl",
                    "db"
                ]
            },
            "Tier3": {
                "type": "String",
                "metadata": {
                    "description": "Use 1 - 3 characters to abbreviate the application tier.",
                    "displayName": "App Tier 3 Abbreviation"
                },
                "allowedValues": [ 
                    "web",
                    "bl",
                    "db"
                ]
            }
        }
    }
}