{
    "if": {
        "allOf": [
            {
                "field": "name",
                "notMatch": "[concat('vm', parameters('Application'), parameters('Environment'), parameters('Tier1'), parameters('Location1'), '1')]"
            },
            {
                "field": "name",
                "notMatch": "[concat('vm', parameters('Application'), parameters('Environment'), parameters('Tier1'), parameters('Location1'), '2')]"
            },
            {
                "field": "name",
                "notMatch": "[concat('vm', parameters('Application'), parameters('Environment'), parameters('Tier1'), parameters('Location2'), '1')]"
            },
            {
                "field": "name",
                "notMatch": "[concat('vm', parameters('Application'), parameters('Environment'), parameters('Tier1'), parameters('Location2'), '2')]"
            },
            {
                "field": "name",
                "notMatch": "[concat('vm', parameters('Application'), parameters('Environment'), parameters('Tier2'), parameters('Location1'), '1')]"
            },
            {
                "field": "name",
                "notMatch": "[concat('vm', parameters('Application'), parameters('Environment'), parameters('Tier2'), parameters('Location1'), '2')]"
            },
            {
                "field": "name",
                "notMatch": "[concat('vm', parameters('Application'), parameters('Environment'), parameters('Tier2'), parameters('Location2'), '1')]"
            },
            {
                "field": "name",
                "notMatch": "[concat('vm', parameters('Application'), parameters('Environment'), parameters('Tier2'), parameters('Location2'), '2')]"
            },
            {
                "field": "name",
                "notMatch": "[concat('vm', parameters('Application'), parameters('Environment'), parameters('Tier3'), parameters('Location1'), '1')]"
            },
            {
                "field": "name",
                "notMatch": "[concat('vm', parameters('Application'), parameters('Environment'), parameters('Tier3'), parameters('Location1'), '2')]"
            },
            {
                "field": "name",
                "notMatch": "[concat('vm', parameters('Application'), parameters('Environment'), parameters('Tier3'), parameters('Location2'), '1')]"
            },
            {
                "field": "name",
                "notMatch": "[concat('vm', parameters('Application'), parameters('Environment'), parameters('Tier3'), parameters('Location2'), '2')]"
            },
            {
                "field": "type",
                "equals": "Microsoft.Compute/virtualMachines"
            }
        ]
    },
    "then": {
        "effect": "deny"
    }
}